{
	"IcoMoonType": "selection",
	"icons": [
		{
			"icon": {
				"paths": [
					"M658.286 475.429q0-105.714-75.143-180.857t-180.857-75.143-180.857 75.143-75.143 180.857 75.143 180.857 180.857 75.143 180.857-75.143 75.143-180.857zM950.857 950.857q0 29.714-21.714 51.429t-51.429 21.714q-30.857 0-51.429-21.714l-196-195.429q-102.286 70.857-228 70.857-81.714 0-156.286-31.714t-128.571-85.714-85.714-128.571-31.714-156.286 31.714-156.286 85.714-128.571 128.571-85.714 156.286-31.714 156.286 31.714 128.571 85.714 85.714 128.571 31.714 156.286q0 125.714-70.857 228l196 196q21.143 21.143 21.143 51.429z"
				],
				"width": 950.8563512165565,
				"attrs": [],
				"isMulticolor": false,
				"tags": [
					"search"
				],
				"defaultCode": 61442,
				"grid": 14
			},
			"attrs": [],
			"properties": {
				"id": 2,
				"order": 2,
				"name": "search",
				"prevSize": 28,
				"code": 61442
			},
			"setIdx": 0,
			"setId": 1,
			"iconIdx": 2
		},
		{
			"icon": {
				"paths": [
					"M438.857 73.143q119.429 0 220.286 58.857t159.714 159.714 58.857 220.286-58.857 220.286-159.714 159.714-220.286 58.857-220.286-58.857-159.714-159.714-58.857-220.286 58.857-220.286 159.714-159.714 220.286-58.857zM512 785.714v-108.571q0-8-5.143-13.429t-12.571-5.429h-109.714q-7.429 0-13.143 5.714t-5.714 13.143v108.571q0 7.429 5.714 13.143t13.143 5.714h109.714q7.429 0 12.571-5.429t5.143-13.429zM510.857 589.143l10.286-354.857q0-6.857-5.714-10.286-5.714-4.571-13.714-4.571h-125.714q-8 0-13.714 4.571-5.714 3.429-5.714 10.286l9.714 354.857q0 5.714 5.714 10t13.714 4.286h105.714q8 0 13.429-4.286t6-10z"
				],
				"width": 877.7140070597306,
				"attrs": [],
				"isMulticolor": false,
				"tags": [
					"exclamation-circle"
				],
				"defaultCode": 61546,
				"grid": 14
			},
			"attrs": [],
			"properties": {
				"id": 100,
				"order": 3,
				"name": "exclamation-circle",
				"prevSize": 28,
				"code": 61546
			},
			"setIdx": 0,
			"setId": 1,
			"iconIdx": 100
		},
		{
			"icon": {
				"paths": [
					"M877.714 768v73.143q0 14.857-10.857 25.714t-25.714 10.857h-804.571q-14.857 0-25.714-10.857t-10.857-25.714v-73.143q0-14.857 10.857-25.714t25.714-10.857h804.571q14.857 0 25.714 10.857t10.857 25.714zM877.714 475.429v73.143q0 14.857-10.857 25.714t-25.714 10.857h-804.571q-14.857 0-25.714-10.857t-10.857-25.714v-73.143q0-14.857 10.857-25.714t25.714-10.857h804.571q14.857 0 25.714 10.857t10.857 25.714zM877.714 182.857v73.143q0 14.857-10.857 25.714t-25.714 10.857h-804.571q-14.857 0-25.714-10.857t-10.857-25.714v-73.143q0-14.857 10.857-25.714t25.714-10.857h804.571q14.857 0 25.714 10.857t10.857 25.714z"
				],
				"width": 877.7150535583496,
				"attrs": [],
				"isMulticolor": false,
				"tags": [
					"bars",
					"navicon",
					"reorder"
				],
				"defaultCode": 61641,
				"grid": 14
			},
			"attrs": [],
			"properties": {
				"id": 177,
				"order": 1,
				"name": "bars, navicon, reorder",
				"prevSize": 28,
				"code": 61641
			},
			"setIdx": 0,
			"setId": 1,
			"iconIdx": 177
		}
	],
	"height": 1024,
	"metadata": {
		"name": "icomoon"
	},
	"preferences": {
		"showGlyphs": true,
		"showQuickUse": true,
		"showQuickUse2": true,
		"showSVGs": true,
		"fontPref": {
			"prefix": "icon-",
			"metadata": {
				"fontFamily": "icomoon",
				"majorVersion": 1,
				"minorVersion": 2
			},
			"metrics": {
				"emSize": 1024,
				"baseline": 6.25,
				"whitespace": 50
			},
			"embed": false,
			"showSelector": true,
			"showMetadata": true,
			"showVersion": true,
			"showMetrics": true,
			"cssVars": true,
			"cssVarsFormat": "less"
		},
		"imagePref": {
			"prefix": "icon-",
			"png": true,
			"useClassSelector": true,
			"color": 4473924,
			"bgColor": 16777215,
			"classSelector": ".icon"
		},
		"historySize": 100,
		"showCodes": true,
		"gridSize": 16
	}
}